store_code,store_name,city_name,store_latitude,store_longitude
GADA-s4Xz,E219110252-Toko NN (Gudang),KABUPATEN SUMENEP,-7.00313100,113.86318400
GADA-zfG0,V619050058-Toko Stand 8 (Gudang),KOTA MAKASSAR,-5.15071000,119.42418300
GADA-ufmj,EV1901366-Toko Purnomo (Gudang),KABUPATEN BOJONEGORO,-7.14493800,111.89025700
GADA-mr4i,CK19030144-Toko Arsy (Gudang),KABUPATEN SUMEDANG,-6.79835000,107.94409300
GADA-zPnf,50735 Toko NusaIndah (Gudang),KABUPATEN TEGAL,-6.86854800,109.17908500
GADA-lMwd,TK19040140-Toko Domang (Gudang),KOTA BALIKPAPAN,-1.24212500,116.87756100
GADA-ckaC,EV19100111-Toko Mega (Gudang),KABUPATEN BOJONEGORO,-7.14657600,111.88421900
GADA-aspo,AA19120714-Toko Yoyo (Gudang),KABUPATEN TANGERANG,-6.26213200,106.43322700
GADA-bVV4,FI19050637-Toko Ardika (Gudang),KOTA DENPASAR,-8.65481700,115.19439200
GADA-oNg4,CU19020436-Toko Dede (Gudang),KABUPATEN SUKABUMI,-6.89704000,106.77930000
GADA-n9AX,AH19050574-Toko Lancar Abadi (Gudang),KABUPATEN TANGERANG,-6.26645800,106.46817200
GADA-gRwb,AH19030052-Toko Simpang (Gudang),KOTA TANGERANG,-6.15210900,106.59114800
GADA-iPB9,TJ19116875-Toko Dam Jaya (Gudang),KOTA BALIKPAPAN,-1.27077600,116.85638500
GADA-n6PJ,Toko Papaullah (Gudang),KOTA BALIKPAPAN,-1.24209400,116.88117000
GADA-xClg,AB19051632-Toko Warlas (Gudang),KOTA TANGERANG SELATAN,-6.32825700,106.70971300
GADA-o58C,SL19020365-Toko Aziz (Gudang),KOTA BANJARMASIN,-3.31269100,114.59597700
GADA-i4rE,BE19020257-Toko Ajung (Gudang),KOTA JAKARTA UTARA,-6.12311100,106.91035800
GADA-yVNz,OE19070689-Toko Apolo (Gudang),KABUPATEN MUARO JAMBI,-1.60977200,103.52293700
GADA-kXNa,47858 Butun Indah (Gudang),KOTA MATARAM,-8.59960800,116.15219100
GADA-bFgh,KL19060083-Toko Laiho (Gudang),KOTA PALEMBANG,-3.03680300,104.77057300
GADA-pKQh,DB19030007-Toko Sella Jaya (Gudang),KABUPATEN BANYUMAS,-7.42242000,109.26131000
GADA-pmiX,MM19060260-Toko Rizki (Gudang),KOTA BANDAR LAMPUNG,-5.39502300,105.26025400
GADA-vP6B,D319020361-Toko Agung (Gudang),KABUPATEN SUKOHARJO,-7.60813800,110.79981800
GADA-mxQB,EZ19010001-Toko Anda (Gudang),KABUPATEN BANGKALAN,-7.02695000,112.75485000
GADA-zMU8,CU19040507-Toko Suka Mekar (Gudang),KABUPATEN SUKABUMI,-6.91773900,106.96422600
GADA-gqVy,Tkjunior,KABUPATEN HULU SUNGAI TENGAH,-2.58355100,115.37940000
GADA-y5Jd,BB19020306-Toko Taufik (Gudang),KOTA JAKARTA BARAT,-6.20231600,106.76021800
GADA-zG2l,JM19050579-Toko Keluarga (Gudang),KOTA PADANG,-0.96229000,100.40342400
GADA-eyqa,DC19020213-CV Minggu (Gudang),,-7.30613300,109.36689600
GADA-uUXU,MM19050409-Toko Mingming (Gudang),,-5.41047600,105.25586900
GADA-p874jv,Aditya-tkputrarangkas (Gudang),KABUPATEN LEBAK,-6.37043600,106.28270200
GADA-9ji5ck,alfa-tkal (Gudang),KABUPATEN SOLOK,-0.94121800,100.62562600
GADA-hNom,60961 Toko ABC (Gudang),KABUPATEN PURWOREJO,-7.72021900,109.91002600
GADA-tekvjz,jovin-tkjovin,KOTA JAMBI,-1.64485800,103.63612700
GADA-nplysq,Hardi-tkmulia (Gudang),KABUPATEN BANYUWANGI,-8.21369300,114.37742000
GADA-9uk5,toko laras (Gudang),KOTA BANDAR LAMPUNG,-5.38577400,105.31393500
GADA-2pe9wp,Budi-tk21 (Gudang),KABUPATEN SUMEDANG,-6.80795300,107.98926900
GADA-ds20o0,ari-tkaajp (Gudang),KOTA LANGSA,4.48240700,97.95517800
GADA-h8bmsd,rubiyem-tkmekarjaya (Gudang),KABUPATEN SLEMAN,-7.72492500,110.33309000
GADA-fEYz,85486 Tk renata (Gudang),KABUPATEN NGAWI,-7.39570300,111.22233300
GADA-l7vk7g,sarni-tkberkah (Gudang),KABUPATEN TANGERANG,-6.18673400,106.53303000
GADA-eg3xmn,Sokmeng-tkamin2 (Gudang),KABUPATEN PANDEGLANG,-6.31719500,106.10056400
BANTAN,BANTAN,KOTA SURABAYA,-7.29071400,112.79195900
GADA-l3a0gz,matondang-tkmatondang (Gudang),KOTA BOGOR,-6.56466900,106.82229200
GADA-km6s,78669 toko hasil jaya (Gudang),KABUPATEN GIANYAR,-8.54863400,115.30372800
GADA-pZFy,95360 Sumber Baru (Gudang),KABUPATEN BOGOR,-6.47093200,106.85180500
GADA-ltz2pk,sofian-tkssl (Gudang),KABUPATEN GARUT,-7.21556900,107.90670700
GADA-lsxuma,mhardicahyono-tktoni,KOTA BANJAR BARU,-3.41656700,114.84606500
GADA-le5zqv,inggit-tkrania (Gudang),KABUPATEN BANDUNG,-7.01799000,107.54799200
GADA-xaa6,SE19144376-Toko Htaufiq (Gudang),KABUPATEN TAPIN,-2.93928900,115.14599900
GADA-aywo2t,Martin-tkwahyudi (Gudang),KABUPATEN BANDUNG,-6.95075000,107.53584500
GADA-l8zlqu,khairunarrasyid-tktasya (Gudang),KOTA BANJARMASIN,-3.31382200,114.58758200
GADA-15kfm6,Toko Sejahtera (Gudang),KOTA SURABAYA,-7.27198800,112.77091300
GADA-ajq7i6,Ud Dekbuet Jaya (Gudang),KOTA LHOKSEUMAWE,5.17622000,97.12693300
GADA-aj4srw,mario,KOTA MATARAM,-8.59557600,116.14651700
GADA-1y8qsq,marcel-tkjaya,KOTA PAYAKUMBUH,-0.22792300,100.63085600
GADA-epcU,BB19040418-Toko Aktur (Gudang),,-6.12871900,106.71894800
GADA-hu9wuf,jali-tkabc (Gudang),KOTA KEDIRI,-7.82030500,112.01105900
GADA-s2qxim,Muhamad-TkRizki (Gudang),KOTA CILEGON,-6.03057700,106.06733600
GADA-wcmT,85348 Rejeki (Gudang),KOTA DENPASAR,-8.62949900,115.22095800
GADA-jndafq,Amanah Swalayan,KABUPATEN TUBAN,-7.05720000,112.01303000
GADA-8ghue3,Hidayat-tkrieda (Gudang),KABUPATEN PASURUAN,-7.76027400,112.65739500
GADA-dlvsqt,Toko Hasanah (Gudang),KOTA PALU,-0.88763100,119.86431900
GADA-fvpj9z,BLANZA (Gudang),KABUPATEN KOTAWARINGIN BARAT,-2.69330500,111.63057700
GADA-lte4i9,Mjs,KOTA BEKASI,-6.37330000,106.91743000
GADA-l25rfp,sari pasar (Gudang),KABUPATEN LOMBOK TIMUR,-8.66567100,116.56068000
GADA-jdynle,juwin-tkkilaupermatasejati (Gudang),KOTA MEDAN,3.55033100,98.69843300
GADA-1cnoki,CV. AGM (ADA GUNA MEGAH) (Gudang),KABUPATEN PANDEGLANG,-6.32206000,106.08966000
GADA-lxx5jb,khalifa (Gudang),KABUPATEN BLITAR,-8.09001000,112.04837000
GADA-leqhzx,Jaya Utama,KABUPATEN PESISIR SELATAN,-1.34043100,100.58424300
GADA-lpz10k,Toko Kota Baru Indah,KOTA TERNATE,0.77900200,127.38522700
GADA-lzh13j,MSA (Gudang),KABUPATEN BEKASI,-6.16662200,106.98578600
GADA-n3k9oj,Toko Gita (Gudang),KOTA DENPASAR,-8.60606400,115.23591100
GADA-lbg3yt,mandiri,KOTA AMBON,-3.63125400,128.25206000
GADA-lom0uy,aneka plastik (Gudang),KABUPATEN BULELENG,-8.09119200,115.12241800
GADA-dfln5g,TK JAYA FAJAR (Gudang),KABUPATEN LUMAJANG,-8.12816900,113.22492400
GADA-9ipznb,brandon,KOTA BEKASI,-6.30492100,106.93728500
GADA-5841e3,dua putra,KABUPATEN LOMBOK TENGAH,-8.69133300,116.31781700
GADA-587k1e,gudang haji malik,KOTA JAKARTA TIMUR,-6.31410900,106.89436300
GADA-h8ojo7,tk como (Gudang),KABUPATEN MUSI RAWAS,-3.26513800,102.92283200
GADA-dts431,berkah abadi (Gudang),KABUPATEN MAGELANG,-7.52503300,110.23560300
GADA-5v02ay,lime mart toko sinar terang luar (Gudang),KOTA JAKARTA TIMUR,-6.21782200,106.86392400
GADA-lc4nvl,muh sain seller semoga laris (Gudang),KABUPATEN POLEWALI MANDAR,-3.42063600,119.32667800
GADA-l2tmva,tk pakdeh (Gudang),KOTA LUBUKLINGGAU,-3.26938700,102.92398700
GADA-lt714y,sederhana (Gudang),KABUPATEN ROKAN HILIR,1.30154900,101.17918900
GADA-keroiv,TOKO MERVINA (Gudang),KOTA BENGKULU,-3.81537800,102.29936500
GADA-1pe325,rejeki lancar (Gudang),KOTA PROBOLINGGO,-7.75443600,113.21858600
GADA-5vmjkl,Aulia (Gudang),KABUPATEN INDRAGIRI HILIR,-0.33623400,103.14120700
GADA-ikjago,h.achmadrozhan (Gudang),KABUPATEN BANJAR,-3.40782400,114.85056100
GADA-l9xlj7,nurrezky-tknewhera-pare (Gudang),KOTA PAREPARE,-4.01129000,119.63631300
MONTISS,"PT Star Paper Supply, Manduro MG, Ngoro, Mojokerto",KABUPATEN MOJOKERTO,-7.56638000,112.64043000
GADA-u8matx,shakila jaya (Gudang),KABUPATEN TRENGGALEK,-8.11686200,111.77553800
GADA-x3yof3,Latifah,KABUPATEN JEPARA,-6.66894000,110.70224000
GADA-e2rxit,Jaya Perkasa,KOTA BIMA,-8.45875900,118.72182100
ReckittBenckiser,ReckittBenckiser (Gudang),KOTA BEKASI,-6.26878500,106.93738400
POLOCOCOASBY,POLOCOCOASBY,KOTA SURABAYA,-7.25943200,112.68385000
GADA-ez7tjz,toko yuliyana (Gudang),KOTA BOGOR,-6.60421700,106.79840400
GADA-cgOt,EQ19020106-Toko Sumber Jaya (Gudang),KABUPATEN JOMBANG,-7.53630300,112.23730600
ELADA,ELADA,KOTA TANGERANG SELATAN,-6.32695500,106.71226800
GADA-xpxzkz,lia (Gudang),KOTA JAKARTA TIMUR,-6.18198400,106.94103800
MUSTIKARATU,MUSTIKARATU,KOTA JAKARTA TIMUR,-6.33147600,106.86729700
CABEPAYUNG,CABEPAYUNG,KABUPATEN BOGOR,-6.40269600,106.95719100
GADA-xugwsr,TK WIJAYA (Gudang),KABUPATEN TEGAL,-6.94012700,109.13817300
GADA-u5cliq,Nizam (Gudang),KABUPATEN LAMPUNG TENGAH,-5.07106000,105.15513500
GADA-xxq28k,toko arif 72 (Gudang),KABUPATEN SIDENRENG RAPPANG,-3.92714100,119.80129700
KrupukIkanTerbangNKL,KrupukIkanTerbangNKL,KABUPATEN CILACAP,-7.30761500,108.67694500
KecapAren,KecapAren,KABUPATEN BANYUMAS,-7.44237900,109.25949200
AIRJAM,AIRJAM,KABUPATEN TEGAL,-6.95801100,109.13864200
GADA-TGS2,Toko Gudang Ada Jabo1 Tangerang Sel2,KOTA TANGERANG SELATAN,-6.35008300,106.74991000
PONDAN,PONDAN (Gudang),KOTA TANGERANG,-6.19231400,106.55749700
GADA-u8q6am,Toko wijaya 2 (Gudang),KOTA MEDAN,3.56599400,98.64074900
Itoen,Itoen,KOTA JAKARTA TIMUR,-6.19260100,106.91733500
Herbangin,Herbangin (Gudang),KOTA JAKARTA UTARA,-6.14241000,106.91403700
GADA-ue6c4r,IB GROSIR 2 (Gudang),KOTA BINJAI,3.60241700,98.48870700
GADA-xoo4bv,Mikro Pasaraya (Gudang),KOTA BANDUNG,-6.93147200,107.59011000
BantanJakarta,BantanJakarta (Gudang),KOTA TANGERANG SELATAN,-6.33790100,106.67881200
GADA-x0uex6,tk Said Hasan (Gudang),KOTA BANJARMASIN,-3.30690900,114.61287400
GADA-xzu6,EG19010023-Toko Samijoyo (Gudang),KOTA MALANG,-7.98873100,112.63423000
GADA-xx5i73,Toko Ricky (Gudang),KABUPATEN TANGERANG,-6.17687200,106.44657700
GADA-ezhi30,Nirwana (Gudang),KABUPATEN GRESIK,-7.15208100,112.65127200
GADA-BNA,Toko Gudang Ada Aceh,KOTA BANDA ACEH,5.55741600,95.33247200
GADA-eIxL,EX19010157-Toko ABC (Gudang),KABUPATEN LAMONGAN,-7.23415700,112.15792500
GADA-tKnP,CR19020188-Toko Sejahtera (Gudang),,-6.99358800,107.53188000
GADA-klbx57wb,Jona Jaya,KABUPATEN BATANG,-6.89358000,109.73922000
GADA-y4fA,EX19020163-Toko YKH (Gudang),,-7.10563000,112.16672700
GADA-dVga,IK19080104-Toko Baba (Gudang),KOTA PEKANBARU,0.53302300,101.40323500
GADA-n4ku,IE19060805-Toko Mitra Sari (Gudang),KABUPATEN SIAK,0.67047100,101.60841100
GADA-zvio,KL19080271-Toko Johan Betawi (Gudang),KOTA PALEMBANG,-2.94524300,104.77056800
GADA-ilpjhq,yudha-tk yudha (Gudang),,-4.13640400,104.20693600
POLOCOCOA,POLOCOCOA (Gudang),KOTA JAKARTA BARAT,-6.14962400,106.72837500
GADA-ymbvzpk4,toko rahayu,KABUPATEN DELI SERDANG,3.60568000,98.80745000
GADA-xtQM,pm swalayam,KABUPATEN BIREUEN,5.19580000,96.78770000
GADA-qLwx,38283 Eko-tkvanigas (Gudang),,1.27422900,101.12074300
GADA-vz0A,E119132209-Toko Saiful Jaya (Gudang),KABUPATEN PAMEKASAN,-7.17537200,113.46836900
GADA-uhBB,ET19134662-Toko Putri Setia (Gudang),KABUPATEN MAGETAN,-7.62456000,111.37945900
GADA-nXB8,62946 Jaya semi (Gudang),KOTA PASURUAN,-7.63532600,112.91532500
GADA-kqWE,OJ19142573- Toko Basis (Gudang),KOTA JAMBI,-1.63902900,103.54454200
GADA-bOTz,IS19144003-Toko Sari Jaya (Gudang),,0.92001300,104.50659000
GADA-xx895f,CV 6 JAYA (Gudang),KABUPATEN OGAN KOMERING ULU,-4.09971000,104.15542000
GADA-nycoev,Altha Jaya (Gudang),KABUPATEN JEMBER,-8.22017800,113.69297300
GADA-xal54i,Toko Pak Yuri (Gudang),KABUPATEN WONOGIRI,-7.82515000,110.92248400
GADA-9xqnr8,AA JAYA 1 (Gudang),KABUPATEN BOGOR,-6.45391400,106.81922400
GADA-hyaP,AB19020178-Toko MMS (Gudang),KOTA TANGERANG SELATAN,-6.24774800,106.68539900
GADA-nkq9wj,toko lina (Gudang),KABUPATEN LAMPUNG TENGAH,-5.09502100,105.20778000
GADA-n65gcb,UD FLOBAMOR (Gudang),,-9.69496600,120.50854100
GADA-zPcB,SL19030030-Toko Ibak (Gudang),KOTA BANJARMASIN,-3.35336800,114.59744300
GADA-h5k3qj,khofelix-tkshannon (Gudang),KABUPATEN SAMPANG,-6.89397200,113.29178800
GADA-l26b56,Udin (Gudang),KOTA BENGKULU,-3.79219500,102.26853200
GADA-4qv1m4e9,Toko Elly,,-6.26381500,106.42752000
GADA-av1v,E719030078-Toko Gunawan (Gudang),KOTA BLITAR,-8.09122600,112.16693200
GADA-l8ksde,Queen Snack (Gudang),KABUPATEN JEPARA,-6.57151000,110.68114400
GADA-7cz0ee,Munasir-tkNasir (Gudang),KABUPATEN TEGAL,-6.90246100,109.21295100
GADA-k53p,EQ19030138-Toko Kawan (Gudang),KABUPATEN JOMBANG,-7.62031700,112.36954100
GADA-nk0n6n,TK BERAS WAY HALIM (Gudang),KOTA BANDAR LAMPUNG,-5.38385300,105.27141900
GADA-vcEN,44030 Tk-manisselalu (Gudang),KABUPATEN LAMPUNG UTARA,-4.82865900,104.89621400
GADA-n2vijk,toko budi (Gudang),KOTA BANJARMASIN,-3.30921300,114.57923100
GADA-wHLh,62124 Tri-tktriwahyuni (Gudang),KABUPATEN BANYUMAS,-7.39741500,109.22330300
GADA-am9W,EX19110800-Toko Ali Jaya (Gudang),KABUPATEN LAMONGAN,-7.10851000,112.16555900
GADA-emef4i,toko alya (Gudang),KABUPATEN BONE,-4.54727700,120.32173600
GADA-l1fw21,ridho-tkhoras (Gudang),KABUPATEN BANDUNG,-7.01979700,107.59614200
GADA-xleq6ox0,Gibran plastik fmcg,KABUPATEN BONE,-4.54836700,120.32183200
GADA-x4k8f2,tk songo (Gudang),KABUPATEN SIDOARJO,-7.51628000,112.65445800
GADA-52y2xl,Sederhana (Gudang),KABUPATEN PIDIE,5.38385100,95.96122500
GADA-u8vgq0,Harum Manis (Gudang),KABUPATEN JEMBRANA,-8.36314600,114.61995200
WeeJayaKusuma,Wee Jaya Kusuma,KOTA JAKARTA BARAT,-6.17794000,106.71204600
GADA-ymovmnnj,Toko Samudera 1,KOTA DEPOK,-6.38808000,106.78326000
GADA-ymn4nnmx,JASA AWAI,KABUPATEN PIDIE,5.34701000,95.96538000
GADA-hzzncd,solikin tk (Gudang),KABUPATEN LUMAJANG,-8.24778500,113.17860700
GADA-ixo7m8,leon-tksayapmas (Gudang),KOTA BUKITTINGGI,-0.27797600,100.36685400
GADA-503rfo,senja-tkkurniadewi (Gudang),KABUPATEN SEMARANG,-7.21896500,110.41752800
GADA-xb6b5a,toko sumber jaya (Gudang),KOTA BATAM,1.11501900,104.09672300
GADA-lenr19,Toko Sami Mulyo,KABUPATEN NGANJUK,-7.60040000,111.92120000
BantanBali,BantanBali,,-8.38368000,114.57606000
GADA-xskgfp,tk syahril (Gudang),KOTA BALIKPAPAN,-1.26391600,116.88716900
GULAVIT,GULAVIT (Gudang),KABUPATEN BOGOR,-6.41017900,106.94269600
GADA-uenj4x,Kemurahan (Gudang),KABUPATEN BANYUWANGI,-8.55354500,114.11183600
GADA-b5fK,MM19115098-Toko Nanang Sembako (Gudang),KOTA BANDAR LAMPUNG,-5.41267500,105.24282500
GADA-h41bhh,Faris,KABUPATEN DEMAK,-7.53283000,110.60262000
GADA-9oyuyo,sri-tk3bersaudara (Gudang),KOTA BANJAR BARU,-3.43558000,114.75079000
GADA-9u8bud,tk aan (Gudang),KABUPATEN MUSI RAWAS,-3.27130000,102.90467900
GADA-uhxcgy,rasi (Gudang),KOTA PONTIANAK,-0.06200500,109.31171000
GADA-leu9ve,Binter Gudang,KOTA LUBUKLINGGAU,-3.24305000,103.01377000
GADA-lj0o7l,Deni Bersaudara (Gudang),KABUPATEN LOMBOK TENGAH,-8.70153600,116.29551400
GADA-JKB1,Toko Gudang Ada Jabo1 Jakbar,,-6.17204000,106.72213000
GADA-j1ekmf,HARI JAYA (Gudang),KOTA DUMAI,1.66697300,101.43226100
GADA-lyf9me,titing-tksalsa (Gudang),KABUPATEN SUMEDANG,-6.75030100,107.89567500
GADA-yUWJ,AA19117851-Toko Iko Jaya Mandiri (Gudang),KABUPATEN LEBAK,-6.35265200,106.25488200
Oriana,Oriana (Gudang),KOTA TANGERANG SELATAN,-6.27486000,106.71400400
GADA-3xqn63re,Diva Rj,KOTA PEKANBARU,0.51280000,101.43782000
GADA-u88kme,toko KSM (Gudang),KOTA TEBING TINGGI,3.33730900,99.14757200
GADA-TGR4,Toko Gudang Ada Jabo1 Tangerang4,KABUPATEN TANGERANG,-6.26645800,106.46817200
GADA-lzn0hx,edy-tksuheri (Gudang),KOTA PEKANBARU,0.49979200,101.45530100
GADA-rqu9,H319144005-Toko Dhz (Gudang),KOTA PADANGSIDIMPUAN,1.40604460,99.22919890
GADA-qlrdojer,Angelina,KOTA LUBUKLINGGAU,-3.27278000,102.92694000
GADA-xsfcn9,Alam jaya (Gudang),KOTA SAMARINDA,-0.49671100,117.16134700
GADA-u2xi27,toko mikropermata cimahi (Gudang),KABUPATEN BANDUNG BARAT,-6.86393700,107.51867100
GADA-pjo1s3,Toko Sinar Cahaya (Gudang),KABUPATEN POHUWATO,0.47568100,121.93232600
GADA-lcfg2t,Riski Tk (Gudang),KOTA AMBON,-3.64743300,128.19316500
GADA-nk3xsp,TOKO MARENNU (Gudang),KABUPATEN BONE,-4.53952600,120.29768400
GADA-16oprs,kartini mart (Gudang),KOTA TANJUNG PINANG,0.90388500,104.52926500
GulavitCilegon,Gulavit Cilegon,KABUPATEN SERANG,-5.97406000,106.09683000
GADA-ytw9dw,ud barokah (Gudang),KOTA PEMATANG SIANTAR,2.95597700,99.04996600
GADA-n61ylx,toko H SAYUTI (Gudang),KABUPATEN BEKASI,-6.12144900,106.99341500
GADA-uh4uhq,toko zahra (Gudang),KOTA BEKASI,-6.18949800,107.00209700
GADA-hqm1ft,saukani-tkmimin (Gudang),KABUPATEN HULU SUNGAI TENGAH,-2.58418000,115.37815700
GADA-21sz2n,Indra Hendrawan,KABUPATEN CIAMIS,-7.30257400,108.34921000
GADA-x0ndox,sri rahayu (Gudang),KABUPATEN CIAMIS,-7.30509000,108.24445400
GADA-yma4po4v,bintang mas,KOTA JAMBI,-1.62160000,103.65271000
Superkifa,Superkifa,KOTA BEKASI,-6.26203000,106.91083000
GADA-pSWP,H319113056-Toko Maduma (Gudang),KABUPATEN DELI SERDANG,3.61807000,98.61825200
GADA-4jq5ph,Ahmad-tkabahfadhelan (Gudang),KABUPATEN PASURUAN,-7.58651200,112.72905800
GADA-26vkegjg,Tk Damai,KABUPATEN SIDOARJO,-7.49399000,112.60689000
GADA-qlrxxw6g,Toko Lumayan,KABUPATEN JEMBER,-8.29987000,113.63729000
GADA-2p5z3b,yuswa (Gudang),KABUPATEN PATI,-6.72573500,111.16327200
GADA-lbxdip,Widya Mandiri (Gudang),KOTA GORONTALO,0.54291200,123.05392100
GADA-jXmF,FI19050494-Toko Gudang Bintang (Gudang),KOTA DENPASAR,-8.64896200,115.23197800
GADA-9j3vhx,budhi-tkelfrida (Gudang),KABUPATEN BANYU ASIN,-2.91949300,104.80266700
GADA-x3sbi3,edy jui tie (Gudang),KOTA PONTIANAK,-0.00562900,109.35517300
GADA-lnxc20,cahyasumirat-tkcahayacemerlang (Gudang),KOTA TANGERANG,-6.20942400,106.66177800
GADA-l7fx51,Tk Sinar Matahari (Gudang),KOTA JAKARTA PUSAT,-6.16544700,106.86417500
GADA-xxemmm,TOKO YAN (Gudang),KABUPATEN TANGERANG,-6.26174500,106.56089800
GADA-52fc9g,joy rudi mart (Gudang),KOTA BATAM,1.06261900,103.94611900
GADA-tvAP,40775 Toko idola (Gudang),KABUPATEN SIMALUNGUN,2.96967000,99.13121300
GADA-j1iJ,MC19135217-Toko Sundarri (Gudang),KABUPATEN LAMPUNG SELATAN,-5.31024900,105.28723800
GADA-1ydlpm,toko tujuh putra (Gudang),KABUPATEN SINJAI,-5.11770800,120.25233900
GADA-e4941o,TOKO TORDIAN (Gudang),KABUPATEN TAPANULI SELATAN,1.51500300,99.62572100
GADA-ni7plm,Mhanif-Tkmutia (Gudang),KOTA PEKANBARU,0.51714200,101.43783900
GADA-jllb,IR19070873-Toko SCC Silaban Group (Gudang),KOTA BATAM,1.06008000,103.92019900
GADA-xam291,Anugrah (Gudang),KOTA KEDIRI,-7.81691600,112.01766400
GADA-qlr2ljzp,Satria Jaya,KABUPATEN GARUT,-7.22171000,107.90643000
GADA-u2l9a4,Toko Ercilia,KABUPATEN MAGELANG,-7.50706000,110.22246000
GADA-xkli7r,Shafira Jaya (Gudang),KABUPATEN JEMBER,-8.20566700,113.68357500
GADA-kest68,khoirul-tkasiregar (Gudang),KABUPATEN MANDAILING NATAL,0.84177500,99.56236400
GADA-f7wz7u,toko winof (Gudang),KABUPATEN LAMPUNG UTARA,-4.82829100,104.90217600
GADA-kljkjjyj,Toko Maju Jaya,,3.59244000,98.64409000
GADA-xmnnnf,toko ferry (Gudang),KABUPATEN BANGLI,-8.33992400,115.34251000
GADA-uAFD,KL19141209-Toko Edy (Gudang),KOTA PALEMBANG,-3.01858700,104.67680400
GADA-5r7rt9,Toko Mahyuddin (Gudang),KABUPATEN INDRAGIRI HULU,-0.37564500,102.29030000
GADA-df8kds,Toko Aswan (Gudang),KABUPATEN INDRAGIRI HILIR,-0.31355800,103.16625400
GADA-BNA2,Toko Gudang Ada Aceh2,KOTA BANDA ACEH,5.51805000,95.30342000
GADA-TGR1,Toko Gudang Ada Jabo1 Tangerang,,-6.21728500,106.51834900
GADA-LSM,Toko Gudang Ada Lhokseumawe,,5.21968600,97.05656600
GADA-mjIc,37929 Toko fahrul (Gudang),KOTA BANDA ACEH,5.55741600,95.33247200
GADA-BIR,Toko Gudang Ada Bireuen,KABUPATEN BIREUEN,5.19580000,96.78770000
GADA-BPP,Toko Gudang Ada Balikpapan,KABUPATEN KUTAI KARTANEGARA,-0.98103600,116.98143800
GADA-JBS,Toko Gudang Ada Bandung Jabar Selatan,KABUPATEN BANDUNG,-6.96605600,107.57327000
GADA-BJM,Toko Gudang Ada Banjarmasin,KOTA BANJARMASIN,-3.35336800,114.59744300
GADA-551scc,SAJ (Gudang),KABUPATEN JEPARA,-6.67533600,110.68859900
GADA-xaTU,JM19110925-Toko Cundi Kiawan (Gudang),KOTA PADANG,-0.94708300,100.41718100
GADA-5r45ut,toko nyoman (Gudang),KABUPATEN BULELENG,-8.11192200,115.10633300
GADA-ldhs50,Toko Tiga Saudara (Gudang),KABUPATEN KOTAWARINGIN TIMUR,-2.54444300,112.96006000
GADA-BKS,Toko Gudang Ada Jabo2 Bekasi,KOTA BEKASI,-6.18949800,107.00209700
GADA-BGR,Toko Gudang Ada Jabo2 Bogor,KABUPATEN BOGOR,-6.47886800,106.85893400
GADA-dvzovg2q,Fadlan Jaya,KOTA CILEGON,-6.01198000,106.06077000
GADA-7ym3vojj,Bintang Mas,,1.49557000,124.87981000
GADA-e49qrd,Sumber Pangan,KABUPATEN SIDOARJO,-7.46802000,112.71638000
GADA-disk,E319010015-Toko Guna Jaya (Gudang),KOTA SURABAYA,-7.24584700,112.77180900
GADA-l9ioa6,eko-cvtirtomulyo (Gudang),KABUPATEN SIDOARJO,-7.46052900,112.71693400
GADA-7ymvye9y,Toko Makmur Sentosa,KOTA CILEGON,-6.02500000,106.05279000
GADA-n6v84d,toko subur abadi,KOTA SAMARINDA,-0.50813700,117.11718000
Mountoya,Mountoya,KABUPATEN CIREBON,-6.75519000,108.50986000
KAPASMAWAR,KAPASMAWAR (Gudang),KABUPATEN SUBANG,-6.49838600,107.58603100
GADA-MDN,Toko Gudang Ada Medan,KABUPATEN DELI SERDANG,3.59940100,98.60878000
GADA-BDL,Toko Gudang Ada Bandar Lampung,KOTA BANDAR LAMPUNG,-5.41047600,105.25586900
GADA-gvv7q5xw,Mitra Jaya Sentosa,KABUPATEN BOGOR,-6.39904000,106.95875000
GADA-3xv5ywm0,Toko Mudane,KABUPATEN LAMPUNG TENGAH,-4.74879000,105.54518000
WakaWaka,WakaWaka,KOTA PEMATANG SIANTAR,2.94261000,99.05200000
GADA-BGR2,Toko Gudang Ada Jabo2 Bogor2,KABUPATEN BOGOR,-6.45510100,106.89956100
GADA-JKTTMR,Toko Gudang Ada Jabo2 Jaktim,KOTA JAKARTA TIMUR,-6.18198400,106.94103800
GADA-gvvbdaqn,Toko Susilowati,,-7.81420000,110.35608000
GADA-LBKPGL2,Toko Gudang Ada Jabo1 Rangkas,KABUPATEN LEBAK,-6.35265200,106.25488200
GADA-JKTUTR,Toko Gudang Ada Jabo2 Jakut,KOTA JAKARTA UTARA,-6.12311100,106.91035800
GADA-TGK2,Toko Gudang Ada Jabo1 Tangerang Kota2,KABUPATEN TANGERANG,-6.26174500,106.56089800
GADA-7ywyr2ly,Rara Jaya 2,KABUPATEN SUBANG,-6.57010000,107.75340000
GADA-l8qtyq,UD Darussalam (Gudang),KOTA KENDARI,-3.96451200,122.52072600
GADA-LSM2,Toko Gudang Ada Lhokseumawe2,KOTA LHOKSEUMAWE,5.17622000,97.12693300
GADA-eueY,KL19070331-Toko Bonanza (Gudang),KOTA PALEMBANG,-2.92088200,104.79471100
GADA-PLM,Toko Gudang Ada Palembang,KOTA PALEMBANG,-3.03680300,104.77057300
GADA-xlvl2gw5,GUDANG GROSIR,KOTA BANDA ACEH,5.51805000,95.30342000
GADA-JTU,Toko Gudang Ada Tegal Jateng Utara,KABUPATEN TEGAL,-6.86854800,109.17908500
GADA-klgkawkd,Toko SUMBER REJEKI,KABUPATEN KARAWANG,-6.31155000,107.31966000
GADA-mlgllj7j,Toko Indomarta,KABUPATEN SERANG,-6.08583000,105.91207000
GADA-l2t2bj,yafet-pdembun (Gudang),KABUPATEN BANDUNG,-6.96605600,107.57327000
GADA-TPG2,Toko Gudang Ada Tanjung Pinang2 Sumbagteng,KOTA TANJUNG PINANG,0.90388500,104.52926500
GADA-TPG,Toko Gudang Ada Tanjung Pinang Sumbagteng,KOTA TANJUNG PINANG,0.92001300,104.50659000
GADA-MDN2,Toko Gudang Ada Medan Sumbagut,KOTA MEDAN,3.59244000,98.64409000
GADA-hj6tm5,oq mart (Gudang),KOTA TANGERANG SELATAN,-6.25788900,106.66477100
GADA-l7evau,glady-tkdualima (Gudang),KOTA MAKASSAR,-5.16479800,119.41183100
GADA-h80jcv,DX19051413-Toko Samajaya (Gudang),KOTA SEMARANG,-6.98358400,110.42772400
GADA-mwmq,SL19020380-CV Pandawa (Gudang),,-3.32614600,114.59222300
GADA-JMB,Toko Gudang Ada Jambi Sumbagteng,KOTA JAMBI,-1.64485800,103.63612700
GADA-BDL3,Toko Gudang Ada Lampung Tengah Sumbagsel,KABUPATEN LAMPUNG TENGAH,-5.09502100,105.20778000
GADA-9en09m0z,Tk Paten Jaya,,3.63065000,98.66952000
BintangTigaAnugerah,Bintang Tiga Anugerah,KABUPATEN LAMPUNG SELATAN,-5.27644000,105.18767000
IndokopiMakmur,Indokopi Makmur,KOTA TANGERANG,-6.20337000,106.68831000
GADA-PBR,Toko Gudang Ada Pekan Baru Sumbagteng,KOTA PEKANBARU,0.47066100,101.39385300
GADA-JBU,Toko Gudang Ada Sumedang Jabar Utara,KABUPATEN SUMEDANG,-6.79835000,107.94409300
GADA-26gavj67,Sulung Mas,KOTA MOJOKERTO,-7.46669000,112.43384000
KrupukIkanTerbangNKLPurwokerto,KrupukIkanTerbangNKL Purwokerto,KABUPATEN BANYUMAS,-7.42545000,109.24981000
GADA-SLO,Toko Gudang Ada Solo Jateng Selatan,KABUPATEN DEMAK,-6.87170600,110.73158100
GADA-PAL,Toko Gudang Ada Palu Sulut,KOTA PALU,-0.84083600,119.88340900
GADA-lrgdgkqe,Tk Banyu Mili,KABUPATEN BANJARNEGARA,-7.41721000,109.68104000
GADA-vivf,BB19061106-Toko Gibran (Gudang),,-6.17204000,106.72213000
GADA-6z5arzmo,Mitra 81 Grosir,KABUPATEN MALANG,-7.93644000,112.58624000
GADA-6zv2mln1,tk nova,KABUPATEN PASAMAN BARAT,0.09448000,99.82843000
GADA-vovL,Toko Hasjaya,KABUPATEN KUTAI KARTANEGARA,-1.22670000,116.84476000
GADA-qbe0mgyb,Toko Laela,,-6.18948000,107.00190000
GADA-qlnawyjr,toko subur,KOTA JAKARTA TIMUR,-6.21505000,106.87861000
GADA-orKb,43926 Tkrahmadrezeki (Gudang),,5.21968600,97.05656600
GADA-xc0bsy,sumber sembako (Gudang),KABUPATEN CIREBON,-6.75950300,108.48557900
Abrofood,Abrofood,KOTA PADANG PANJANG,-0.46460000,100.40839000
GADA-qYpn,Annisa,,-2.39690000,115.25857000
GADA-yh0f5j,tkbilqis (Gudang),KABUPATEN BANJAR,-3.32550000,114.70550300
GADA-SRGCLG4,Toko Gudang Ada Jabo1 Cilegon2,KOTA CILEGON,-6.02500000,106.05279000
GADA-SKB,Toko Gudang Ada Sukabumi Jabar Selatan,KABUPATEN SUKABUMI,-6.91773900,106.96422600
GADA-PBR2,Toko Gudang Ada Pekan Baru2 Sumbagteng,KOTA PEKANBARU,0.51280000,101.43782000
GADA-PSP,Toko Gudang Ada Padangsidempuan Sumbagut,KOTA PADANGSIDIMPUAN,1.40604460,99.22919890
GADA-BTM,Toko Gudang Ada Batam Sumbagteng,KOTA BATAM,1.06008000,103.92019900
GADA-LBKPGL3,Toko Gudang Ada Jabo1 Pandeglang2,KABUPATEN PANDEGLANG,-6.31719500,106.10056400
GADA-PYK,Toko Gudang Ada Payakumbuh Sumbagut,KABUPATEN LIMA PULUH KOTA,-0.13109500,100.53875100
GADA-SRGCLG1,Toko Gudang Ada Jabo1 Serang2,KOTA SERANG,-6.13904400,106.18617300
GADA-JKTTMR2,Toko Gudang Ada Jabo2 Jaktim2,KOTA JAKARTA TIMUR,-6.21583900,106.86268000
GADA-BDL2,Toko Gudang Ada Bandar Lampung2,KOTA BANDAR LAMPUNG,-5.39502300,105.26025400
GADA-LMG,Toko Gudang Ada Lamongan Jatim,KABUPATEN LAMONGAN,-7.23415700,112.15792500
GADA-BYW,Toko Gudang Ada Banyuwangi Jatim,KABUPATEN BANYUWANGI,-8.21369300,114.37742000
GADA-SBY,Toko Gudang Ada Bangkalan Jatim,KABUPATEN BANGKALAN,-7.02702000,112.75497000
GADA-JBG,Toko Gudang Ada Jombang Jatim,KABUPATEN JOMBANG,-7.53630300,112.23730600
GADA-TGS1,Toko Gudang Ada Jabo1 Tangerang Sel1,KOTA TANGERANG SELATAN,-6.32825700,106.70971300
GADA-TGR2,Toko Gudang Ada Jabo1 Tangerang2,KABUPATEN TANGERANG,-6.18673400,106.53303000
GADA-qlxexodx,Dino Stokis,,-6.87172000,109.37142000
GADA-PMK,Toko Gudang Ada Pamekasan Jatim Utara,KABUPATEN PAMEKASAN,-7.17537200,113.46836900
GADA-kljxzree,Semoga Berkah,KOTA DENPASAR,-8.65801000,115.19725000
GADA-u5dxoh,Toko Nabil (Gudang),KABUPATEN KARAWANG,-6.32445500,107.37324800
GADA-3xvxbkxq,Toko Wijaya,KOTA JAKARTA PUSAT,-6.18304000,106.86011000
GADA-xohwus,Toko kenari,,0.89363400,108.98747900
GADA-yqerzm5d,Toko Sumber Rejeki,KABUPATEN BANDUNG,-6.97383500,107.59899500
TriraksaJayaMandiri,CV. TRIRAKSA JAYA MANDIRI,KABUPATEN TANGERANG,-6.23511000,106.52273000
GADA-5q511m,Sinar Mulia,KABUPATEN KUPANG,-10.15210000,123.62079000
GADA-xcex5a,gudang sinar terang,KOTA JAKARTA TIMUR,-6.21581000,106.86262800
Sanford,Sanford,KABUPATEN BINTAN,0.88208600,104.58095100
KaryaAbadiPlasindo,KARYA ABADI PLASINDO,KOTA BANDUNG,-6.93708200,107.58305300
Schoko,PT Mitra Dunia Pangan,KOTA SURABAYA,-7.25290300,112.79268700
TriwisesaSejahtera,TriwisesaSejahtera (Gudang),KABUPATEN TANGERANG,-6.12022100,106.62204000
Sosro,PT Sasana Cakra Mekarjaya,KABUPATEN TANGERANG,-6.23179700,106.61408000
GADA-lekfjd,Arena,KABUPATEN AGAM,-0.30724600,100.41050600
